name,file_name
Aaosphaeria arxii CBS 175.79 v1.0,Aaoar1_AssemblyScaffolds.fasta.gz
Absidia padenii NRRL 2977 v1.0,Chlpad1_AssemblyScaffolds.fasta.gz
Absidia repens NRRL 1336 v1.0,Absrep1_AssemblyScaffolds.fasta.gz
Acaromyces ingoldii MCA 4198 v1.0,Acain1_AssemblyScaffolds.fasta.gz
Acephala macrosclerotiorum EW76-UTF0540 v1.0,Acema1_AssemblyScaffolds.fasta.gz
Acidomyces richmondensis BFW,Aciri1_meta_AssemblyScaffolds.fasta.gz
Acidomyces richmondensis BFW,Aciri1_iso_AssemblyScaffolds.fasta.gz
Acidothrix acidophila CBS 136259 v1.0,Aciaci1_AssemblyScaffolds.fasta.gz
Acremonium alcalophilum v2.0,Acral2_AssemblyScaffolds.fasta.gz
Acremonium strictum DS1bioAY4a v1.0,Acrst1_AssemblyScaffolds.fasta.gz
Agaricostilbum hyphaenes ATCC MYA-4628 v1.0,Agahy1_AssemblyScaffolds.fasta.gz
Agaricus bisporus var bisporus (H97) v2.0,Agabi_varbisH97_2_AssemblyScaffolds.fasta.gz
Agaricus bisporus var. burnettii JB137-S8,Agabi_varbur_1_AssemblyScaffolds.fasta.gz
Agrocybe pediades AH 40210 v1.0,Agrped1_AssemblyScaffolds.fasta.gz
Allomyces macrogynus ATCC 38327,Allma1_AssemblyScaffolds.fasta.gz
Alternaria alternata SRC1lrK2f v1.0,Altal1_AssemblyScaffolds.fasta.gz
Alternaria brassicicola,Altbr1_AssemblyScaffolds.fasta.gz
Amanita muscaria Koide v1.0,Amamu1_AssemblyScaffolds.fasta.gz
Amanita thiersii Skay4041 v1.0,Amath1_AssemblyScaffolds.fasta.gz
Amniculicola lignicola CBS 123094 v1.0,Amnli1_AssemblyScaffolds.fasta.gz
Amorphotheca resinae v1.0,Amore1_AssemblyScaffolds.fasta.gz
Ampelomyces quisqualis HMLAC05119 v1.0,Ampqui1_AssemblyScaffolds.fasta.gz
Anaeromyces robustus v1.0,Anasp1_AssemblyScaffolds.fasta.gz
Anomoporia bombycina ATCC 64506 v1.0,Anobom1_AssemblyScaffolds.fasta.gz
Anthostoma avocetta NRRL 3190 v1.0,Antav1_AssemblyScaffolds.fasta.gz
Antonospora locustae HM-2013,Antlo1_AssemblyScaffolds.fasta.gz
Antrodia sinuosa LB1 v1.0,Antsi1_AssemblyScaffolds.fasta.gz
Apiospora montagnei NRRL 25634 v1.0,Apimo1_AssemblyScaffolds.fasta.gz
Aplosporella prunicola CBS 121.167 v1.0,Aplpr1_AssemblyScaffolds.fasta.gz
Aporpium caryae L-13461,Elmca1_AssemblyScaffolds.fasta.gz
Armillaria gallica 21-2 v1.0,Armga1_AssemblyScaffolds.fasta.gz
Armillaria mellea DSM 3731,Armme1_1_AssemblyScaffolds.fasta.gz
Armillaria solidipes 28-4 v1.0,Armost1_AssemblyScaffolds.fasta.gz
Arthroascus fermentans 17710 v1.0,Artfe1_2_AssemblyScaffolds.fasta.gz
Arthrobotrys oligospora ATCC 24927,Artol1_AssemblyScaffolds.fasta.gz
Arthroderma benhamiae CBS 112371,Artbe1_AssemblyScaffolds.fasta.gz
Artolenzites elegans CIRM-BRFM 1122 v1.0,Artele1122_1_AssemblyScaffolds.fasta.gz
Artolenzites elegans CIRM-BRFM 1663 v1.0,Artel1_AssemblyScaffolds.fasta.gz
Ascobolus immersus RN42 v1.0,Ascim1_AssemblyScaffolds.fasta.gz
Ascocoryne sarcoides NRRL50072,Ascsa1_AssemblyScaffolds.fasta.gz
Ascodesmis nigricans CBS 389.68 v1.0,Ascni1_AssemblyScaffolds.fasta.gz
Ascoidea rubescens NRRL Y17699 v1.0,Ascru1_AssemblyScaffolds.fasta.gz
Aspergillus aculeatinus CBS 121060 v1.0,Aspacu1_AssemblyScaffolds.fasta.gz
Aspergillus aculeatus ATCC16872 v1.1,Aspac1_AssemblyScaffolds.fasta.gz
Aspergillus brasiliensis v1.0,Aspbr1_AssemblyScaffolds.fasta.gz
Aspergillus brunneoviolaceus CBS 621.78 v1.0,Aspbru1_AssemblyScaffolds.fasta.gz
Aspergillus campestris IBT 28561 v1.0,Aspcam1_AssemblyScaffolds.fasta.gz
Aspergillus carbonarius ITEM 5010 v3,Aspca3_AssemblyScaffolds.fasta.gz
Aspergillus clavatus NRRL 1 from AspGD,Aspcl1_AssemblyScaffolds.fasta.gz
Aspergillus costaricaensis CBS 115574 v1.0,Aspcos1_AssemblyScaffolds.fasta.gz
Aspergillus ellipticus CBS 707.79 v1.0,Aspell1_AssemblyScaffolds.fasta.gz
Aspergillus eucalypticola CBS 122712 v1.0,Aspeuc1_AssemblyScaffolds.fasta.gz
Aspergillus fijiensis CBS 313.89 v1.0,Aspfij1_AssemblyScaffolds.fasta.gz
Aspergillus flavus NRRL3357,Aspfl1_AssemblyScaffolds.fasta.gz
Aspergillus fumigatus A1163,Aspfu_A1163_1_AssemblyScaffolds.fasta.gz
Aspergillus fumigatus Af293 from AspGD,Aspfu1_AssemblyScaffolds.fasta.gz
Aspergillus glaucus v1.0,Aspgl1_AssemblyScaffolds.fasta.gz
Aspergillus heteromorphus CBS 117.55 v1.0,Asphet1_AssemblyScaffolds.fasta.gz
Aspergillus homomorphus CBS 101889 v1.0,Asphom1_AssemblyScaffolds.fasta.gz
Aspergillus ibericus CBS 121593 v1.0,Aspibe1_AssemblyScaffolds.fasta.gz
Aspergillus indologenus CBS 114.80 v1.0,Aspind1_AssemblyScaffolds.fasta.gz
Aspergillus japonicus CBS 114.51 v1.0,Aspjap1_AssemblyScaffolds.fasta.gz
Aspergillus kawachii IFO 4308,Aspka1_1_AssemblyScaffolds.fasta.gz
Aspergillus laciniosus v1.0,Asplac1_AssemblyScaffolds.fasta.gz
Aspergillus luchuensis CBS 106.47 v1.0,Aspfo1_AssemblyScaffolds.fasta.gz
Aspergillus neoniger CBS 115656 v1.0,Aspneo1_AssemblyScaffolds.fasta.gz
Aspergillus nidulans,Aspnid1_AssemblyScaffolds.fasta.gz
Aspergillus niger ATCC 1015 v4.0,Aspni7_AssemblyScaffolds.fasta.gz
Aspergillus niger CBS 513.88,Aspni_DSM_1_AssemblyScaffolds.fasta.gz
Aspergillus niger NRRL3,Aspni_NRRL3_1_AssemblyScaffolds.fasta.gz
Aspergillus niger van Tieghem ATCC 13496 v1.0,Aspni_bvT_1_AssemblyScaffolds.fasta.gz
Aspergillus novofumigatus IBT 16806 v1.0,Aspnov1_AssemblyScaffolds.fasta.gz
Aspergillus ochraceoroseus IBT 24754 v1.0,Aspoch1_AssemblyScaffolds.fasta.gz
Aspergillus oryzae RIB40,Aspor1_AssemblyScaffolds.fasta.gz
Aspergillus phoenicis (Corda) Thom ATCC 13157 v1.0,Aspph1_AssemblyScaffolds.fasta.gz
Aspergillus piperis CBS 112811 v1.0,Asppip1_AssemblyScaffolds.fasta.gz
Aspergillus saccharolyticus JOP 1030-1 v1.0,Aspsac1_AssemblyScaffolds.fasta.gz
Aspergillus sclerotiicarbonarius CBS 121057 v1.0,Aspscle1_AssemblyScaffolds.fasta.gz
Aspergillus sclerotioniger CBS115572 v1.0,Aspscl1_AssemblyScaffolds.fasta.gz
Aspergillus steynii IBT 23096 v1.0,Aspste1_AssemblyScaffolds.fasta.gz
Aspergillus sydowii CBS 593.65 v1.0,Aspsy1_AssemblyScaffolds.fasta.gz
Aspergillus terreus NIH 2624,Aspte1_AssemblyScaffolds.fasta.gz
Aspergillus tubingensis v1.0,Asptu1_AssemblyScaffolds.fasta.gz
Aspergillus uvarum CBS 121591 v1.0,Aspuva1_AssemblyScaffolds.fasta.gz
Aspergillus vadensis CBS 113365 v1.0,Aspvad1_AssemblyScaffolds.fasta.gz
Aspergillus versicolor v1.0,Aspve1_AssemblyScaffolds.fasta.gz
Aspergillus violaceofuscus CBS 115571 v1.0,Aspvio1_AssemblyScaffolds.fasta.gz
Aspergillus wentii v1.0,Aspwe1_AssemblyScaffolds.fasta.gz
Aspergillus zonatus v1.0,Aspzo1_AssemblyScaffolds.fasta.gz
Atractiellales sp. v2.0,Atrsp2_AssemblyScaffolds.fasta.gz
Aulographum hederae v2.0,Aulhe2_AssemblyScaffolds.fasta.gz
Aureobasidium pullulans var. melanogenum CBS 110374,Aurpu_var_mel1_AssemblyScaffolds.fasta.gz
Aureobasidium pullulans var. namibiae CBS 147.97,Aurpu_var_nam1_AssemblyScaffolds.fasta.gz
Aureobasidium pullulans var. pullulans EXF-150,Aurpu_var_pul1_AssemblyScaffolds.fasta.gz
Aureobasidium pullulans var. subglaciale EXF-2481,Aurpu_var_sub1_AssemblyScaffolds.fasta.gz
Auricularia subglabra v2.0,Aurde3_1_AssemblyScaffolds.fasta.gz
Auriculariopsis ampla NL-1724 v1.0,Auramp1_AssemblyScaffolds.fasta.gz
Auriscalpium vulgare FP105234-Sp v1.0,Aurvu1_AssemblyScaffolds.fasta.gz
Babjeviella inositovora NRRL Y-12698 v1.0,Babin1_AssemblyScaffolds.fasta.gz
Backusella circina FSU 941 v1.0,Bacci1_AssemblyScaffolds.fasta.gz
Basidioascus undulatus,Basun1_AssemblyScaffolds.fasta.gz
Basidiobolus meristosporus CBS 931.73 v1.0,Basme2finSC_AssemblyScaffolds.fasta.gz
Batrachochytrium dendrobatidis JAM81 v1.0,Batde5_AssemblyScaffolds.fasta.gz
Baudoinia compniacensis UAMH 10762 (4089826) v1.0,Bauco1_AssemblyScaffolds.fasta.gz
Beauveria bassiana ARSEF 2860,Beaba1_AssemblyScaffolds.fasta.gz
Bimuria novae-zelandiae CBS 107.79 v1.0,Bimnz1_AssemblyScaffolds.fasta.gz
Biscogniauxia nummularia v1.0,Bisnum1_AssemblyScaffolds.fasta.gz
Bisporella sp. PMI_857 v1.0,Bissp1_AssemblyScaffolds.fasta.gz
Bjerkandera adusta v1.0,Bjead1_1_AssemblyScaffolds.fasta.gz
Blakeslea trispora NRRL 2456 v1.0,Blatri1_AssemblyScaffolds.fasta.gz
Blastobotrys (Arxula) adeninivorans,Arxad1_AssemblyScaffolds.fasta.gz
Blastocladiella britannica v1.0,Blabri1_AssemblyScaffolds.fasta.gz
Blastomyces dermatitidis SLH14081,Blade1_AssemblyScaffolds.fasta.gz
Blumeria graminis f.sp. hordei DH14,Blugr1_AssemblyScaffolds.fasta.gz
Bolbitius vitellinus SZMC-NL-1974 v1.0,Bolvit1_AssemblyScaffolds.fasta.gz
Boletus edulis v1.0,Boled1_AssemblyScaffolds.fasta.gz
Botryobasidium botryosum v1.0,Botbo1_AssemblyScaffolds.fasta.gz
Botryosphaeria dothidea,Botdo1_1_AssemblyScaffolds.fasta.gz
Botrytis cinerea v1.0,Botci1_AssemblyScaffolds.fasta.gz
Bulgaria inquinans CBS118.31 v1.0,Bulin1_AssemblyScaffolds.fasta.gz
Byssothecium circinans CBS 675.92 v1.0,Bysci1_AssemblyScaffolds.fasta.gz
Cadophora sp. DSE1049 v1.0,Cadsp1_AssemblyScaffolds.fasta.gz
Caliciopsis orientalis,Calor1_AssemblyScaffolds.fasta.gz
Calocera cornea v1.0,Calco1_AssemblyScaffolds.fasta.gz
Calocera viscosa v1.0,Calvi1_AssemblyScaffolds.fasta.gz
Caloscypha fulgens ATCC 42695 v1.0,Calful1_AssemblyScaffolds.fasta.gz
Calosphaeria pulchella,Calpu1_AssemblyScaffolds.fasta.gz
Candida albicans SC5314,Canalb1_AssemblyScaffolds.fasta.gz
Candida arabinofermentans NRRL YB-2248 v1.0,Canar1_AssemblyScaffolds.fasta.gz
Candida tanzawaensis NRRL Y-17324 v1.0,Canta1_AssemblyScaffolds.fasta.gz
Candida tenuis NRRL Y-1498 v1.0,Cante1_AssemblyScaffolds.fasta.gz
Cantharellus anzutake C23 v1.0,Cananz1_AssemblyScaffolds.fasta.gz
Capronia coronata CBS 617.96,Capcor1_AssemblyScaffolds.fasta.gz
Capronia epimyces CBS 606.96,Capep1_AssemblyScaffolds.fasta.gz
Capronia semiimmersa CBS27337,Capse1_AssemblyScaffolds.fasta.gz
Catenaria anguillulae PL171 v2.0,Catan2_AssemblyScaffolds.fasta.gz
Cenococcum geophilum 1.58 v2.0,Cenge3_AssemblyScaffolds.fasta.gz
Cephaloascus albidus ATCC 66658 v1.0,Cepal1_1_AssemblyScaffolds.fasta.gz
Cephaloascus fragrans 12-1022 v1.0,Cepfr1_1_AssemblyScaffolds.fasta.gz
Ceraceosorus sp. MCA 4658 v1.0,Cersp1_AssemblyScaffolds.fasta.gz
"Ceratobasidium sp. (anastomosis group I, AG-I) v1.0",CerAGI_AssemblyScaffolds.fasta.gz
Cercospora zeae-maydis v1.0,Cerzm1_AssemblyScaffolds.fasta.gz
Cerinomyces ceraceus ATCC 56525 v1.0,Cercer1_AssemblyScaffolds.fasta.gz
Ceriporiopsis (Gelatoporia) subvermispora B,Cersu1_AssemblyScaffolds.fasta.gz
Cerrena unicolor v1.1,Cerun2_AssemblyScaffolds.fasta.gz
Chaetomium globosum v1.0,Chagl_1_AssemblyScaffolds.fasta.gz
Chaetosphaeria innumera,Chain1_AssemblyScaffolds.fasta.gz
Chalara longipes BDJ v1.0,Chalo1_AssemblyScaffolds.fasta.gz
Chionosphaera apobasidialis 52639 v1.0,Chiap1_AssemblyScaffolds.fasta.gz
Chionosphaera cuniculicola CBS10063 v1.0,Chicu1_AssemblyScaffolds.fasta.gz
Choiromyces venosus 120613-1 v1.0,Chove1_AssemblyScaffolds.fasta.gz
Chytridium lagenaria Arg66 v1.0,Chylag1_AssemblyScaffolds.fasta.gz
Chytriomyces sp. MP 71 v1.0,Chytri1_AssemblyScaffolds.fasta.gz
Circinella umbellata NRRL1351 v1.0,Cirumb1_AssemblyScaffolds.fasta.gz
Cladonia grayi Cgr/DA2myc/ss v2.0,Clagr3_AssemblyScaffolds.fasta.gz
Cladophialophora bantiana CBS 173.52,Claba1_AssemblyScaffolds.fasta.gz
Cladophialophora carrionii CBS 160.54,Claca1_AssemblyScaffolds.fasta.gz
Cladophialophora immunda CBS83496,Claim1_AssemblyScaffolds.fasta.gz
Cladophialophora psammophila CBS 110553,Claps1_AssemblyScaffolds.fasta.gz
Cladophialophora yegresii CBS 114405,Claye1_AssemblyScaffolds.fasta.gz
Cladorrhinum bulbillosum DJ3 v1.0,Clabul1_AssemblyScaffolds.fasta.gz
Cladosporium fulvum v1.0,Clafu1_AssemblyScaffolds.fasta.gz
Clathrospora elynae CBS 161.51 v1.0,Clael1_AssemblyScaffolds.fasta.gz
Clavicorona pyxidata HHB10654 v1.0,Clapy1_AssemblyScaffolds.fasta.gz
Clavispora lusitaniae ATCC 42720,Clalu1_2_AssemblyScaffolds.fasta.gz
Clavulina sp. PMI_390 v1.0,ClaPMI390_AssemblyScaffolds.fasta.gz
Climacocystis borealis CliBor001 v1.0,Clibor1_AssemblyScaffolds.fasta.gz
Clitocybe gibba IJFM A808 v1.0,Cligib1_AssemblyScaffolds.fasta.gz
Clohesyomyces aquaticus v1.0,Cloaq1_AssemblyScaffolds.fasta.gz
Clonostachys rosea CBS125111 v1.0,Cloro1_AssemblyScaffolds.fasta.gz
Coccidioides immitis RS,Cocim1_AssemblyScaffolds.fasta.gz
Coccodinium bartschii CBS 121709 v1.0,Cocba1_AssemblyScaffolds.fasta.gz
Coccomyces strobi CBS 202.91 v1.0,Cocst1_AssemblyScaffolds.fasta.gz
Cochliobolus carbonum 26-R-13 v1.0,Cocca1_AssemblyScaffolds.fasta.gz
Cochliobolus heterostrophus C4 v1.0,CocheC4_1_AssemblyScaffolds.fasta.gz
Cochliobolus heterostrophus C5 v2.0,CocheC5_3_AssemblyScaffolds.fasta.gz
Cochliobolus lunatus m118 v2.0,Coclu2_AssemblyScaffolds.fasta.gz
Cochliobolus miyabeanus ATCC 44560 v1.0,Cocmi1_AssemblyScaffolds.fasta.gz
Cochliobolus sativus ND90Pr v1.0,Cocsa1_AssemblyScaffolds.fasta.gz
Cochliobolus victoriae FI3 v1.0,Cocvi1_AssemblyScaffolds.fasta.gz
Coemansia reversa NRRL 1564 v1.0,Coere1_AssemblyScaffolds.fasta.gz
Cokeromyces recurvatus NRRL 2243 v1.0,Cokrec1_AssemblyScaffolds.fasta.gz
Colletotrichum caudatum CBS131602 v1.0,Colca1_AssemblyScaffolds.fasta.gz
Colletotrichum cereale CBS 129662 v1.0,Colce1_AssemblyScaffolds.fasta.gz
Colletotrichum eremochloae CBS129661 v1.0,Coler1_AssemblyScaffolds.fasta.gz
Colletotrichum falcatum MAFF306170 v1.0,Colfa1_AssemblyScaffolds.fasta.gz
Colletotrichum fioriniae PJ7,Colfi1_AssemblyScaffolds.fasta.gz
Colletotrichum godetiae CBS 193.32 v1.0,Colgo1_AssemblyScaffolds.fasta.gz
Colletotrichum graminicola M1.001,Colgr1_AssemblyScaffolds.fasta.gz
Colletotrichum higginsianum IMI 349063,Colhig2_AssemblyScaffolds.fasta.gz
Colletotrichum lupini CBS 109225 v1.0,Collu1_AssemblyScaffolds.fasta.gz
Colletotrichum nymphaeae SA-01,Colny1_AssemblyScaffolds.fasta.gz
Colletotrichum orchidophilum IMI 309357,Color1_AssemblyScaffolds.fasta.gz
Colletotrichum phormii CBS102054 v1.0,Colph1_AssemblyScaffolds.fasta.gz
Colletotrichum salicis CBS607.94,Colsa1_AssemblyScaffolds.fasta.gz
Colletotrichum simmondsii CBS122122,Colsi1_AssemblyScaffolds.fasta.gz
Colletotrichum somersetensis CBS 131599 v1.0,Colso1_AssemblyScaffolds.fasta.gz
Colletotrichum sublineola CBS 131301 v1.0,Colsu1_AssemblyScaffolds.fasta.gz
Colletotrichum zoysiae MAFF235873 v1.0,Colzo1_AssemblyScaffolds.fasta.gz
Conidiobolus coronatus NRRL28638 v1.0,Conco1_AssemblyScaffolds.fasta.gz
Conidiobolus thromboides FSU 785 v1.0,Conth1_AssemblyScaffolds.fasta.gz
Coniella sp v1.0,Pilidi1_AssemblyScaffolds.fasta.gz
Coniochaeta ligniaria CBS 111746,Conli1_AssemblyScaffolds.fasta.gz
Coniochaeta ligniaria NRRL 30616 v1.0,Conlig1_AssemblyScaffolds.fasta.gz
Coniochaeta sp. PMI_546 v1.0,ConPMI546_AssemblyScaffolds.fasta.gz
Coniophora olivacea MUCL 20566 v1.0,Conol1_AssemblyScaffolds.fasta.gz
Coniophora puteana v1.0,Conpu1_AssemblyScaffolds.fasta.gz
Coniosporium apollinis CBS 100218,Conap1_AssemblyScaffolds.fasta.gz
Coprinellus micaceus FP101781 v2.0,Copmic2_AssemblyScaffolds.fasta.gz
Coprinellus pellucidus v1.0,Coppel1_AssemblyScaffolds.fasta.gz
Coprinopsis cinerea,Copci1_AssemblyScaffolds.fasta.gz
Coprinopsis cinerea AmutBmut pab1-1 v1.0,Copci_AmutBmut1_AssemblyScaffolds.fasta.gz
Coprinopsis marcescibilis CBS121175 v1.0,Copmar1_AssemblyScaffolds.fasta.gz
Coprinopsis sclerotiger v1.0,Copscl1_AssemblyScaffolds.fasta.gz
Cordyceps militaris CM01,Cormi1_AssemblyScaffolds.fasta.gz
Corollospora maritima CBS 119819 v2.0,Corma2_AssemblyScaffolds.fasta.gz
Cortinarius glaucopus AT 2004 276 v2.0,Corgl3_AssemblyScaffolds.fasta.gz
Corynespora cassiicola CCP v1.0,Corca1_AssemblyScaffolds.fasta.gz
Crepidotus variabilis CBS 506.95 v1.0,Crevar1_AssemblyScaffolds.fasta.gz
Cronartium quercuum f. sp. fusiforme G11 v1.0,Croqu1_AssemblyScaffolds.fasta.gz
Crucibulum laeve CBS 166.37 v1.0,Crula1_AssemblyScaffolds.fasta.gz
Cryphonectria parasitica EP155 v2.0,Crypa2_AssemblyScaffolds.fasta.gz
Cryptococcus curvatus ATCC 20509 v1.0,Crycu1_AssemblyScaffolds.fasta.gz
Cryptococcus neoformans var. grubii H99,Cryne_H99_1_AssemblyScaffolds.fasta.gz
Cryptococcus neoformans var neoformans JEC21,Cryne_JEC21_1_AssemblyScaffolds.fasta.gz
Cryptococcus terricola JCM 24523 v1.0,Cryte1_AssemblyScaffolds.fasta.gz
Cryptococcus vishniacii v1.0,Cryvi1_AssemblyScaffolds.fasta.gz
Cryptococcus wieringae v1.0,Crywi1_AssemblyScaffolds.fasta.gz
Cryptodiaporthe populea CFL2025 v1.0,Crypo1_AssemblyScaffolds.fasta.gz
Cucurbitaria berberidis CBS 394.84 v1.0,Cucbe1_AssemblyScaffolds.fasta.gz
Cunninghamella echinulata NRRL 1382 v1.0,Cunech1_AssemblyScaffolds.fasta.gz
Cyathus striatus AH 40144 v1.0,Cyastr2_AssemblyScaffolds.fasta.gz
Cyberlindnera jadinii NRRL Y-1542 v1.0,Cybja1_AssemblyScaffolds.fasta.gz
Cylindrobasidium torrendii FP15055 v1.0,Cylto1_AssemblyScaffolds.fasta.gz
Cyphellophora europaea CBS 101466,Cypeu1_AssemblyScaffolds.fasta.gz
Cystostereum murrayi CysMur001 v1.0,Cysmur1_AssemblyScaffolds.fasta.gz
Cytidiella melzeri FP 102339 v1.0,Cytmel1_AssemblyScaffolds.fasta.gz
Dacryopinax primogenitus DJM 731 SSP1 v1.0,Dacsp1_AssemblyScaffolds.fasta.gz
Daedalea quercina v1.0,Daequ1_AssemblyScaffolds.fasta.gz
Debaryomyces hansenii,Debha1_AssemblyScaffolds.fasta.gz
Decorospora gaudefroyi v1.0,Decga1_AssemblyScaffolds.fasta.gz
Dekkera bruxellensis CBS 2499 v2.0,Dekbr2_AssemblyScaffolds.fasta.gz
Delitschia confertaspora ATCC 74209 v1.0,Delco1_AssemblyScaffolds.fasta.gz
Delphinella strobiligena CBS 735.71 v1.0,Delst1_AssemblyScaffolds.fasta.gz
Dendrothele bispora CBS 962.96 v1.0,Denbi1_AssemblyScaffolds.fasta.gz
Dentipellis sp. KUC8613 v1.0,Densp1_AssemblyScaffolds.fasta.gz
Diaporthe ampelina UCDDA912,Diaam1_AssemblyScaffolds.fasta.gz
Dichomitus squalens CBS463.89 v1.0,Dicsqu463_1_AssemblyScaffolds.fasta.gz
Dichomitus squalens CBS464.89 v1.0,Dicsqu464_1_AssemblyScaffolds.fasta.gz
Dichomitus squalens LYAD-421 SS1 v1.0,Dicsq1_AssemblyScaffolds.fasta.gz
Dichomitus squalens OM18370.1 v1.0,Dicsqu18370_1_AssemblyScaffolds.fasta.gz
Didymella exigua CBS 183.55 v1.0,Didex1_AssemblyScaffolds.fasta.gz
Didymella zeae-maydis 3018,Didma1_AssemblyScaffolds.fasta.gz
Dioszegia cryoxerica v1.0,Diocr1_AssemblyScaffolds.fasta.gz
Diplodia seriata DS831,Dipse1_AssemblyScaffolds.fasta.gz
Dissoconium aciculare v1.0,Disac1_AssemblyScaffolds.fasta.gz
Dothidotthia symphoricarpi v1.0,Dotsy1_AssemblyScaffolds.fasta.gz
Dothistroma septosporum NZE10 v1.0,Dotse1_AssemblyScaffolds.fasta.gz
Elsinoe ampelina CECT 20119 v1.0,Elsamp1_AssemblyScaffolds.fasta.gz
Encephalitozoon cuniculi GB-M1,Enccu1_AssemblyScaffolds.fasta.gz
Encephalitozoon hellem ATCC 50504,Enche1_AssemblyScaffolds.fasta.gz
Encephalitozoon intestinalis ATCC 50506,Encin1_AssemblyScaffolds.fasta.gz
Encephalitozoon romaleae SJ-2008,Encro1_AssemblyScaffolds.fasta.gz
Endocarpon pusillum Z07020,EndpusZ1_AssemblyScaffolds.fasta.gz
Enterocytozoon bieneusi H348,Entbi1_AssemblyScaffolds.fasta.gz
Entoleuca mammata CFL468 v1.0,Entma1_AssemblyScaffolds.fasta.gz
Entophlyctis helioformis JEL805 v1.0,Enthel1_AssemblyScaffolds.fasta.gz
Eremomyces bilateralis CBS 781.70 v1.0,Erebi1_AssemblyScaffolds.fasta.gz
Eremothecium gossypii ATCC 10895,Ashgo1_1_AssemblyScaffolds.fasta.gz
Erythrobasidium hasegawianum ATCC 9536 v1.0,Eryha1_AssemblyScaffolds.fasta.gz
Eurotium rubrum v1.0,Eurhe1_AssemblyScaffolds.fasta.gz
Eutypa lata UCREL1,Eutla1_AssemblyScaffolds.fasta.gz
Exidia glandulosa v1.0,Exigl1_AssemblyScaffolds.fasta.gz
Exobasidium vaccinii MPITM v1.0,Exova1_AssemblyScaffolds.fasta.gz
Exophiala alcalophila ATCC 48519 v1.0,Exoalc1_AssemblyScaffolds.fasta.gz
Exophiala alcalophila J33 v1.0,Exoalc1_J33_AssemblyScaffolds.fasta.gz
Exophiala aquamarina CBS 119918,Exoaq1_AssemblyScaffolds.fasta.gz
Exophiala dermatitidis UT8656,Exode1_AssemblyScaffolds.fasta.gz
Exophiala mesophila CBS40295,Exome1_AssemblyScaffolds.fasta.gz
Exophiala oligosperma CBS72588,Exool1_AssemblyScaffolds.fasta.gz
Exophiala sideris CBS121828,Exosi1_AssemblyScaffolds.fasta.gz
Exophiala spinifera CBS89968,Exosp1_AssemblyScaffolds.fasta.gz
Exophiala xenobiotica CBS118157,Exoxe1_AssemblyScaffolds.fasta.gz
Fellomyces penicillatus Phaff54-35 v1.0,Felpe1_AssemblyScaffolds.fasta.gz
Fennellomyces sp. T-0311 v1.0,Fenlin1_AssemblyScaffolds.fasta.gz
Fibroporia radiculosa TFFH 294,Fibra1_AssemblyScaffolds.fasta.gz
Fibulobasidium inconspicuum Phaff89-39 v1.0,Fibin1_AssemblyScaffolds.fasta.gz
Fibulorhizoctonia sp. CBS 109695 v1.0,Fibsp1_AssemblyScaffolds.fasta.gz
Fistulina hepatica v1.0,Fishe1_AssemblyScaffolds.fasta.gz
Fomitiporia mediterranea v1.0,Fomme1_AssemblyScaffolds.fasta.gz
Fomitopsis pinicola FP-58527 SS1 v3.0,Fompi3_AssemblyScaffolds.fasta.gz
Fonsecaea multimorphosa CBS 102226,Fonmu1_AssemblyScaffolds.fasta.gz
Fonsecaea pedrosoi CBS 271.37,Fonpe1_AssemblyScaffolds.fasta.gz
Fusarium fujikuroi IMI 58289,Fusfu1_AssemblyScaffolds.fasta.gz
Fusarium graminearum v1.0,Fusgr1_AssemblyScaffolds.fasta.gz
Fusarium oxysporum f. sp. lycopersici 4287 v2,Fusox2_AssemblyScaffolds.fasta.gz
Fusarium verticillioides 7600 v2,Fusve2_AssemblyScaffolds.fasta.gz
Gaertneriomyces semiglobifer Barr 43 v1.0,Gaesem1_AssemblyScaffolds.fasta.gz
Gaeumannomyces graminis var. tritici R3-111a-1,Gaegr1_AssemblyScaffolds.fasta.gz
Galerina marginata v1.0,Galma1_AssemblyScaffolds.fasta.gz
Ganoderma sp. 10597 SS1 v1.0,Gansp1_AssemblyScaffolds.fasta.gz
Gautieria morchelliformis GMNE.BST v1.0,Gaumor1_1_AssemblyScaffolds.fasta.gz
Generic tutorial v1.0,Tutorial_AssemblyScaffolds.fasta.gz
Gilbertella persicaria var. persicaria CBS 190.32-T v1.0,Gilper1_AssemblyScaffolds.fasta.gz
Glarea lozoyensis ATCC 20868,Glalo1_AssemblyScaffolds.fasta.gz
Globomyces pollinis-pini Arg68 v1.0,Glopol1_AssemblyScaffolds.fasta.gz
Gloeopeniophorella convolvens OM19405 v1.0,Glocon1_AssemblyScaffolds.fasta.gz
Gloeophyllum trabeum v1.0,Glotr1_1_AssemblyScaffolds.fasta.gz
Glomerella acutata (Colletotrichum fiorinae MH 18) v1.0,Gloac1_AssemblyScaffolds.fasta.gz
Glomerella cingulata 23 (Colletotrichum gloeosporoides 23) v1.0,Gloci1_AssemblyScaffolds.fasta.gz
Glonium stellatum CBS 207.34 v1.0,Glost2_AssemblyScaffolds.fasta.gz
Gonapodya prolifera v1.0,Ganpr1_AssemblyScaffolds.fasta.gz
Gongronella butleri v1.0,Gonbut1_AssemblyScaffolds.fasta.gz
Grosmannia clavigera kw1407,Grocl1_AssemblyScaffolds.fasta.gz
Guyanagaster necrorhiza MCA 3950 v1.0,Guyne1_AssemblyScaffolds.fasta.gz
Gymnascella aurantiaca v1.0,Gymau1_AssemblyScaffolds.fasta.gz
Gymnascella citrina v1.1,Gymci1_1_AssemblyScaffolds.fasta.gz
Gymnopilus chrysopellus PR-1187 v1.0,Gymch1_AssemblyScaffolds.fasta.gz
Gymnopilus junonius AH 44721 v1.0,Gymjun1_AssemblyScaffolds.fasta.gz
Gymnopus androsaceus JB14 v1.0,Gyman1_AssemblyScaffolds.fasta.gz
Gymnopus earleae GB-263.02 v1.0,Gymear1_AssemblyScaffolds.fasta.gz
Gymnopus luxurians v1.0,Gymlu1_AssemblyScaffolds.fasta.gz
Gyrodon lividus BX v1.0,Gyrli1_AssemblyScaffolds.fasta.gz
Gyromitra esculenta CBS101906 v1.0,Gyresc1_AssemblyScaffolds.fasta.gz
Hanseniaspora valbyensis NRRL Y-1626 v1.1,Hanva1_1_AssemblyScaffolds.fasta.gz
Hebeloma cylindrosporum h7 v2.0,Hebcy2_AssemblyScaffolds.fasta.gz
Heliocybe sulcata OMC1185 v1.0,Helsul1_AssemblyScaffolds.fasta.gz
Hesseltinella vesiculosa NRRL3301 v2.0,Hesve2finisherSC_AssemblyScaffolds.fasta.gz
Heterobasidion annosum v2.0,Hetan2_AssemblyScaffolds.fasta.gz
Heterogastridium pycnidioideum ATCC MYA-4631 v1.0,Hetpy1_AssemblyScaffolds.fasta.gz
Histoplasma capsulatum NAm1,Hisca1_AssemblyScaffolds.fasta.gz
Hortaea acidophila CBS 113389 v1.0,Horac1_AssemblyScaffolds.fasta.gz
Hyalopycnis blepharistoma ATCC 48560 v1.0,Hyabl1_AssemblyScaffolds.fasta.gz
Hydnomerulius pinastri v2.0,Hydpi2_AssemblyScaffolds.fasta.gz
Hydnopolyporus fimbriatus CBS384.51 v1.0,Hydfim1_AssemblyScaffolds.fasta.gz
Hydnum rufescens UP504 v2.0,Hydru2_AssemblyScaffolds.fasta.gz
Hymenopellis radicata IJFM A160 v1.0,Hymrad1_AssemblyScaffolds.fasta.gz
Hymenoscyphus varicosporoides PMI_453 v1.0,Hymvar1_AssemblyScaffolds.fasta.gz
Hypholoma sublateritium v1.0,Hypsu1_AssemblyScaffolds.fasta.gz
Hyphopichia burtonii NRRL Y-1933 v1.0,Hypbu1_AssemblyScaffolds.fasta.gz
Hypoxylon sp. CI-4A v1.0,HypCI4A_1_AssemblyScaffolds.fasta.gz
Hypoxylon sp. CO27-5 v1.0,HypCO275_1_AssemblyScaffolds.fasta.gz
Hypoxylon sp. EC38 v3.0,HypEC38_3_AssemblyScaffolds.fasta.gz
Hysterium pulicare,Hyspu1_1_AssemblyScaffolds.fasta.gz
Ilyonectria robusta PMI_751 v1.0,Ilyrob1_AssemblyScaffolds.fasta.gz
Ilyonectria sp. v1.0,Ilysp1_AssemblyScaffolds.fasta.gz
Irpex lacteus CCBAS Fr. 238 617/93 v1.0,Irplac1_AssemblyScaffolds.fasta.gz
Jaapia argillacea v1.0,Jaaar1_AssemblyScaffolds.fasta.gz
Jaminaea sp. MCA 5214 v1.0,Jamsp1_AssemblyScaffolds.fasta.gz
Kalaharituber pfeilii F3 v1.0,Kalpfe1_AssemblyScaffolds.fasta.gz
Karstenula rhodostoma CBS 690.94 v1.0,Karrh1_AssemblyScaffolds.fasta.gz
Kazachstania africana CBS 2517,Kazaf1_AssemblyScaffolds.fasta.gz
Khuskia oryzae ATCC 28132 v1.0,Khuory1_AssemblyScaffolds.fasta.gz
Kluyveromyces lactis,Klula1_AssemblyScaffolds.fasta.gz
Kockovaella imperatae NRRL Y-17943 v1.0,Kocim1_AssemblyScaffolds.fasta.gz
Kuraishia capsulata CBS 1993,Kurca1_AssemblyScaffolds.fasta.gz
Laccaria amethystina LaAM-08-1 v2.0,Lacam2_AssemblyScaffolds.fasta.gz
Laccaria bicolor v2.0,Lacbi2_AssemblyScaffolds.fasta.gz
Lactarius quietus S23C v1.0,Lacqui1_AssemblyScaffolds.fasta.gz
Lactifluus subvellereus BPL653 v1.0,Lacsub1_AssemblyScaffolds.fasta.gz
Lactifluus volemus BPL652 v1.0,Lacvol1_AssemblyScaffolds.fasta.gz
Laetiporus sulphureus var. sulphureus v1.0,Laesu1_AssemblyScaffolds.fasta.gz
Lecythophora sp. AK0013 v1.0,LecAK0013_1_AssemblyScaffolds.fasta.gz
Leiotrametes sp BRFM 1775 v1.0,Leisp1_AssemblyScaffolds.fasta.gz
Lentinellus vulpinus AHS73672-sp v1.0,Lenvul1_AssemblyScaffolds.fasta.gz
Lentinus tigrinus ALCF2SS1-6 v1.0,Lenti6_1_AssemblyScaffolds.fasta.gz
Lentinus tigrinus ALCF2SS1-7 v1.0,Lenti7_1_AssemblyScaffolds.fasta.gz
Lentinus tigrinus v1.0,Sisbr1_AssemblyScaffolds.fasta.gz
Lentithecium fluviatile v1.0,Lenfl1_AssemblyScaffolds.fasta.gz
Lepidopterella palustris v1.0,Leppa1_AssemblyScaffolds.fasta.gz
Lepista nuda CBS 247.69 v1.0,Lepnud1_AssemblyScaffolds.fasta.gz
Leptodontium sp. PMI_412 v1.0,Leptod1_AssemblyScaffolds.fasta.gz
Leptosphaeria maculans,Lepmu1_AssemblyScaffolds.fasta.gz
Leucoagaricus gongylophorus,Leugo1_1_AssemblyScaffolds.fasta.gz
Leucogyrophana mollusca KUC20120723A-06 v1.0,Leumo1_AssemblyScaffolds.fasta.gz
Leucosporidiella creatinivora 62-1032 v1.0,Leucr1_AssemblyScaffolds.fasta.gz
Lichtheimia corymbifera JMRC:FSU:9682,Liccor1_AssemblyScaffolds.fasta.gz
Lichtheimia hyalospora v1.0,Lichy1_AssemblyScaffolds.fasta.gz
Linderina pennispora ATCC 12442 v1.0,Linpe1_AssemblyScaffolds.fasta.gz
Lindgomyces ingoldianus ATCC 200398 v1.0,Linin1_AssemblyScaffolds.fasta.gz
Lindra thalassiae JK4322 v1.0,Linth1_AssemblyScaffolds.fasta.gz
Lineolata rhizophorae ATCC 16933 v1.0,Linrh1_AssemblyScaffolds.fasta.gz
Lipomyces starkeyi NRRL Y-11557 v1.0,Lipst1_1_AssemblyScaffolds.fasta.gz
Lizonia empirigonia CBS 542.76 v1.0,Lizem1_AssemblyScaffolds.fasta.gz
Lobaria pulmonaria Scotland v1.0,Lobpul1_AssemblyScaffolds.fasta.gz
Lobosporangium transversale NRRL 3116 v1.0,Lobtra1_AssemblyScaffolds.fasta.gz
Lodderomyces elongisporus NRRL YB-4239,Lodelo1_AssemblyScaffolds.fasta.gz
Lollipopaia minuta P26; CBS 116597 v1.0,Lolmi1_AssemblyScaffolds.fasta.gz
Lophiostoma macrostomum v1.0,Lopma1_AssemblyScaffolds.fasta.gz
Lophiotrema nucula CBS 627.86 v1.0,Lopnu1_AssemblyScaffolds.fasta.gz
Lophium mytilinum CBS 269.34 v1.0,Lopmy1_AssemblyScaffolds.fasta.gz
Loramyces juncicola 46458 v1.0,Lorju1_AssemblyScaffolds.fasta.gz
Loramyces macrosporus CBS235.53 v1.0,Lorma1_AssemblyScaffolds.fasta.gz
Lycoperdon perlatum FP-102459-T v1.0,Lycper1_AssemblyScaffolds.fasta.gz
Macrolepiota fuliginosa MF-IS2 v1.0,Macfu1_AssemblyScaffolds.fasta.gz
Macrophomina phaseolina MS6,Macph1_AssemblyScaffolds.fasta.gz
Macroventuria anomochaeta CBS 525.71 v1.0,Macan1_AssemblyScaffolds.fasta.gz
Magnaporthe grisea v1.0,Maggr1_AssemblyScaffolds.fasta.gz
Magnaporthiopsis poae ATCC 64411,Magpo1_AssemblyScaffolds.fasta.gz
Malassezia globosa,Malgl1_AssemblyScaffolds.fasta.gz
Malassezia sympodialis ATCC 42132,Malsy1_1_AssemblyScaffolds.fasta.gz
Marasmius fiardii PR-910 v1.0,Marfi1_AssemblyScaffolds.fasta.gz
Mariannaea sp. PMI_226 v1.0,MarPMI226_AssemblyScaffolds.fasta.gz
Marssonina brunnea f. sp. multigermtubi MB_m1,Marbr1_AssemblyScaffolds.fasta.gz
Martensiomyces pterosporus CBS 209.56 v1.0,Marpt1_AssemblyScaffolds.fasta.gz
Massarina eburnea CBS 473.64 v1.0,Maseb1_AssemblyScaffolds.fasta.gz
Massariosphaeria phaeospora CBS 611.86 v1.0,Masph1_AssemblyScaffolds.fasta.gz
Meira miltonrushii MCA 3882 v1.0,Meimi1_AssemblyScaffolds.fasta.gz
Melampsora allii-populina 12AY07 v1.0,Melap1finSC_191_AssemblyScaffolds.fasta.gz
Melampsora laricis-populina v2.0,Mellp2_3_AssemblyScaffolds.fasta.gz
Melampsora lini CH5,Melli1_AssemblyScaffolds.fasta.gz
Melanconium sp. NRRL 54901 v1.0,Melsp1_AssemblyScaffolds.fasta.gz
Melanomma pulvis-pyrius v1.0,Melpu1_AssemblyScaffolds.fasta.gz
Melanospora tiffanyae F1KG0001 v1.0,Melti1_AssemblyScaffolds.fasta.gz
Melanotaenium endogenum CBS481.91 v1.0,Melen1_AssemblyScaffolds.fasta.gz
Meliniomyces bicolor E v2.0,Melbi2_AssemblyScaffolds.fasta.gz
Meliniomyces variabilis F v1.0,Melva1_AssemblyScaffolds.fasta.gz
Meredithblackwellia eburnea MCA 4105 v1.0,Mereb1_AssemblyScaffolds.fasta.gz
Metarhizium acridum CQMa 102,Metac1_AssemblyScaffolds.fasta.gz
Metarhizium robertsii ARSEF 23,Metro1_AssemblyScaffolds.fasta.gz
Metschnikowia bicuspidata NRRL YB-4993 v1.0,Metbi1_AssemblyScaffolds.fasta.gz
Meyerozyma guilliermondii ATCC 6260,Meygui1_AssemblyScaffolds.fasta.gz
Microascus trigonosporus CBS 218.31 v1.0,Mictr1_AssemblyScaffolds.fasta.gz
Microbotryum lychnidis-dioicae p1A1 Lamole,Micld1_AssemblyScaffolds.fasta.gz
Microbotryum violaceum p1A1 Lamole v1.0,Micvi1_AssemblyScaffolds.fasta.gz
Microdochium bolleyi J235TASD1 v1.0,Micbo1_AssemblyScaffolds.fasta.gz
Microsporum canis CBS 113480,Micca1_AssemblyScaffolds.fasta.gz
Microstromatales sp. MCA 4718 v1.0,Rhodsp1_AssemblyScaffolds.fasta.gz
Microthyrium microscopicum CBS 115976 v1.0,Micmi1_AssemblyScaffolds.fasta.gz
Mixia osmundae IAM 14324 v1.0,Mixos1_AssemblyScaffolds.fasta.gz
Monacrosporium haptotylum CBS 200.50,Monha1_AssemblyScaffolds.fasta.gz
Monascus purpureus v1.0,Monpu1_AssemblyScaffolds.fasta.gz
Monascus ruber NRRL 1597 v1.0,Monru1_AssemblyScaffolds.fasta.gz
Moniliophthora perniciosa FA553,Monpe1_1_AssemblyScaffolds.fasta.gz
Morchella conica CCBAS932 v1.0,Morco1_AssemblyScaffolds.fasta.gz
Morchella importuna SCYDJ1-A1 v1.0,Morimp1_AssemblyScaffolds.fasta.gz
Mortierella elongata AG-77 v2.0,Morel2_AssemblyScaffolds.fasta.gz
Mortierella multidivaricata RSA 2152 T v1.0,Mormul1_AssemblyScaffolds.fasta.gz
Mortierella verticillata NRRL 6337,Morve1_AssemblyScaffolds.fasta.gz
Mrakia frigida ATCC 22029 v1.0,Mrafri1_AssemblyScaffolds.fasta.gz
Mucor circinelloides CBS277.49 v2.0,Mucci2_AssemblyScaffolds.fasta.gz
Mucor cordense RSA 1222 v1.0,Kircor1_AssemblyScaffolds.fasta.gz
Mucor heterogamus NRRL 1489 v1.0,Zyghet1_AssemblyScaffolds.fasta.gz
Multifurca ochricompacta BPL690 v1.0,Muloch1_AssemblyScaffolds.fasta.gz
Mutinus elegans ME.BST v1.0,Mutel1_AssemblyScaffolds.fasta.gz
Myceliophthora heterothallica CBS 203.75 v1.0,Myche1_AssemblyScaffolds.fasta.gz
Myceliophthora thermophila (Sporotrichum thermophile) v2.0,Spoth2_AssemblyScaffolds.fasta.gz
Mycena capillaripes Frankland 9286 v1.0,Mycrub1_AssemblyScaffolds.fasta.gz
Mycena galopus ATCC-62051 v1.0,Mycgal1_AssemblyScaffolds.fasta.gz
Mycosphaerella graminicola v2.0,Mycgr3_AssemblyScaffolds.fasta.gz
Mycotypha africana NRRL 2978 v1.0,Mycafr1_AssemblyScaffolds.fasta.gz
Myriangium duriaei CBS 260.36 v1.0,Myrdu1_AssemblyScaffolds.fasta.gz
Myrothecium inundatum CBS 120646 v1.0,Myrin1_AssemblyScaffolds.fasta.gz
Mytilinidion resinicola CBS 304.34 v1.0,Mytre1_AssemblyScaffolds.fasta.gz
Nadsonia fulvescens var. elongata DSM 6958 v1.0,Nadfu1_AssemblyScaffolds.fasta.gz
Naiadella fluitans ATCC 64713 v1.0,Naifl1_AssemblyScaffolds.fasta.gz
Nannochloropsis oceanica CCMP1779,Nanoce1779_AssemblyScaffolds.fasta.gz
Naohidea sebacea CBS 8477 (P95) v1.0,Naose1_AssemblyScaffolds.fasta.gz
Nectria haematococca v2.0,Necha2_AssemblyScaffolds.fasta.gz
Nematocida parisii ERTm1,Nempa1_AssemblyScaffolds.fasta.gz
Neocallimastix californiae v1.0,Neosp1_AssemblyScaffolds.fasta.gz
Neofusicoccum parvum UCRNP2,Neopa1_AssemblyScaffolds.fasta.gz
Neolentinus lepideus v1.0,Neole1_AssemblyScaffolds.fasta.gz
Neosartorya fischeri NRRL 181,Neofi1_AssemblyScaffolds.fasta.gz
Neurospora crassa FGSC 73 trp-3 v1.0,Neucr_trp3_1_AssemblyScaffolds.fasta.gz
Neurospora crassa OR74A v2.0,Neucr2_AssemblyScaffolds.fasta.gz
Neurospora discreta FGSC 8579 mat A,Neudi1_AssemblyScaffolds.fasta.gz
Neurospora tetrasperma FGSC 2508 mat A v2.0,Neute_matA2_AssemblyScaffolds.fasta.gz
Neurospora tetrasperma FGSC 2509 mat a v1.0,Neute_mat_a1_AssemblyScaffolds.fasta.gz
Niesslia exilis CBS 358.70 v1.0,Nieex1_AssemblyScaffolds.fasta.gz
Nosema ceranae BRL01,Nosce1_AssemblyScaffolds.fasta.gz
Obba rivulosa 3A-2 v1.0,Obbri1_AssemblyScaffolds.fasta.gz
Ogataea parapolymorpha DL-1,Ogapa1_AssemblyScaffolds.fasta.gz
Ogataea polymorpha NCYC 495 leu1.1 v2.0,Hanpo2_AssemblyScaffolds.fasta.gz
Oidiodendron maius Zn v1.0,Oidma1_AssemblyScaffolds.fasta.gz
Omphalotus olearius,Ompol1_AssemblyScaffolds.fasta.gz
Onnia scaura P-53A v1.0,Onnsc1_AssemblyScaffolds.fasta.gz
Ophiobolus disseminans CBS 113818 v1.0,Ophdi1_AssemblyScaffolds.fasta.gz
Ophiostoma piceae UAMH 11346,Ophpic1_AssemblyScaffolds.fasta.gz
Ophiostoma piliferum,Ophpi1_AssemblyScaffolds.fasta.gz
Orpinomyces sp.,Orpsp1_1_AssemblyScaffolds.fasta.gz
Oudemansiella mucida CBS 558.79 v1.0,Oudmuc1_AssemblyScaffolds.fasta.gz
Pachysolen tannophilus NRRL Y-2460 v1.2,Pacta1_2_AssemblyScaffolds.fasta.gz
Panaeolus papilionaceus CIRM-BRFM 715 v1.0,Panpap1_AssemblyScaffolds.fasta.gz
Panellus stipticus KUC8834 v1.1,Panst_KUC8834_1_1_AssemblyScaffolds.fasta.gz
Panellus stipticus LUM v1.0,Panst_LUM_1_1_AssemblyScaffolds.fasta.gz
Panus rudis PR-1116 ss-1 v1.0,Panru1_AssemblyScaffolds.fasta.gz
Paracoccidioides brasiliensis Pb03,Parbr1_AssemblyScaffolds.fasta.gz
Paracoccidioides brasiliensis Pb18,Parbra1_AssemblyScaffolds.fasta.gz
Paraconiothyrium sporulosum AP3s5-JAC2a v1.0,Parsp1_AssemblyScaffolds.fasta.gz
Parasitella parasitica v1.0,Parpar1_AssemblyScaffolds.fasta.gz
Patellaria atrata v1.0,Patat1_AssemblyScaffolds.fasta.gz
Paxillus adelphus Ve08.2h10 v2.0,Paxru2_AssemblyScaffolds.fasta.gz
Paxillus ammoniavirescens Pou09.2 v1.0,Paxam1_AssemblyScaffolds.fasta.gz
Paxillus involutus ATCC 200175 v1.0,Paxin1_AssemblyScaffolds.fasta.gz
Penicillium bilaiae ATCC 20851 v1.0,Penbi1_AssemblyScaffolds.fasta.gz
Penicillium brevicompactum 1011305 v2.0,Penbr2_AssemblyScaffolds.fasta.gz
Penicillium brevicompactum AgRF18 v1.0,PenbrAgRF18_1_AssemblyScaffolds.fasta.gz
Penicillium canescens ATCC 10419 v1.0,Penca1_AssemblyScaffolds.fasta.gz
Penicillium chrysogenum Wisconsin 54-1255,PenchWisc1_1_AssemblyScaffolds.fasta.gz
Penicillium chrysogenum v1.0,Pench1_AssemblyScaffolds.fasta.gz
Penicillium digitatum PHI26,Pendi1_AssemblyScaffolds.fasta.gz
Penicillium expansum ATCC 24692 v1.0,Penex1_AssemblyScaffolds.fasta.gz
Penicillium fellutanum ATCC 48694 v1.0,Penfe1_AssemblyScaffolds.fasta.gz
Penicillium glabrum DAOM 239074 v1.0,Pengl1_AssemblyScaffolds.fasta.gz
Penicillium janthinellum ATCC 10455 v1.0,Penja1_AssemblyScaffolds.fasta.gz
Penicillium lanosocoeruleum ATCC 48919 v1.0,Penla1_AssemblyScaffolds.fasta.gz
Penicillium oxalicum 114-2,Penox1_AssemblyScaffolds.fasta.gz
Penicillium raistrickii ATCC 10490 v1.0,Penra1_AssemblyScaffolds.fasta.gz
Penicillium subrubescens FBCC1632 / CBS132785,Pensub1_AssemblyScaffolds.fasta.gz
Penicillium thymicola DAOMC 180753 v1.0,Penth1_AssemblyScaffolds.fasta.gz
Peniophora sp. CONTA v1.0,Lopni1_AssemblyScaffolds.fasta.gz
Peniophora sp. v1.0,Ricme1_AssemblyScaffolds.fasta.gz
Periconia macrospinosa DSE2036 v1.0,Perma1_AssemblyScaffolds.fasta.gz
Phaeoacremonium aleophilum UCRPA7,Phaal1_AssemblyScaffolds.fasta.gz
Phaeomoniella chlamydospora UCRPC4,Phach1_AssemblyScaffolds.fasta.gz
Phaeosphaeriaceae sp. PMI_808 v1.0,PhaPMI808_AssemblyScaffolds.fasta.gz
Phanerochaete carnosa HHB-10118-Sp v1.0,Phaca1_AssemblyScaffolds.fasta.gz
Phanerochaete chrysosporium RP-78 v2.2,Phchr2_AssemblyScaffolds.fasta.gz
Phascolomyces articulosus v1.0,Phaart1_AssemblyScaffolds.fasta.gz
Phialocephala scopiformis 5WS22E1 v1.0,Phisc1_AssemblyScaffolds.fasta.gz
Phlebia brevispora HHB-7030 SS6 v1.0,Phlbr1_AssemblyScaffolds.fasta.gz
Phlebia centrifuga FBCC195,Phlcen1_AssemblyScaffolds.fasta.gz
Phlebiopsis gigantea v1.0,Phlgi1_AssemblyScaffolds.fasta.gz
Pholiota alnicola AH 47727 v1.0,Phoaln1_AssemblyScaffolds.fasta.gz
Pholiota conissans CIRM-BRFM 674 v1.0,Phocon1_AssemblyScaffolds.fasta.gz
Phoma tracheiphila IPT5 v1.0,Photr1_AssemblyScaffolds.fasta.gz
Phycomyces blakesleeanus NRRL1555 v2.0,Phybl2_AssemblyScaffolds.fasta.gz
Phyllosticta capitalensis CBS 128856 v1.0,Phycap1_AssemblyScaffolds.fasta.gz
Phyllosticta citriasiana v1.0,Phycit1_AssemblyScaffolds.fasta.gz
Phyllosticta citribraziliensis CBS 100098 v1.0,Phcit1_AssemblyScaffolds.fasta.gz
Phyllosticta citrichinaensis CBS 130529 v1.0,Phcitr1_AssemblyScaffolds.fasta.gz
Pichia membranifaciens v2.0,Picme2_AssemblyScaffolds.fasta.gz
Pichia pastoris,Picpa1_AssemblyScaffolds.fasta.gz
Pichia stipitis v2.0,Picst3_AssemblyScaffolds.fasta.gz
Piedraia hortae v1.1,Pieho1_1_AssemblyScaffolds.fasta.gz
Pilaira anomala RSA1997 v1.0,Pilano1_AssemblyScaffolds.fasta.gz
Piloderma croceum F 1598 v1.0,Pilcr1_AssemblyScaffolds.fasta.gz
Piriformospora indica DSM 11827 from MPI,Pirin1_AssemblyScaffolds.fasta.gz
Piromyces finnis v3.0,Pirfi3_AssemblyScaffolds.fasta.gz
Piromyces sp. E2 v1.0,PirE2_1_AssemblyScaffolds.fasta.gz
Pisolithus microcarpus 441 v1.0,Pismi1_AssemblyScaffolds.fasta.gz
Pisolithus tinctorius Marx 270 v1.0,Pisti1_AssemblyScaffolds.fasta.gz
Plectania melastoma CBS 918.72 v1.0,Plemel1_AssemblyScaffolds.fasta.gz
Plectosphaerella cucumerina DS2psM2a2 v1.0,Plecu1_AssemblyScaffolds.fasta.gz
Pleomassaria siparia v1.0,Plesi1_AssemblyScaffolds.fasta.gz
Pleurotus eryngii ATCC 90797 v1.0,Pleery1_AssemblyScaffolds.fasta.gz
Pleurotus ostreatus PC9 v1.0,PleosPC9_1_AssemblyScaffolds.fasta.gz
Pleurotus ostreatus PC15 v2.0,PleosPC15_2_AssemblyScaffolds.fasta.gz
Plicaturopsis crispa v1.0,Plicr1_AssemblyScaffolds.fasta.gz
Pluteus cervinus NL-1719 v1.0,Plucer1_AssemblyScaffolds.fasta.gz
Pneumocystis jirovecii,Pneji1_AssemblyScaffolds.fasta.gz
Podospora anserina S mat+,Podan2_AssemblyScaffolds.fasta.gz
Podospora curvicolla TEP21a v1.0,Podcur1_AssemblyScaffolds.fasta.gz
Polychaeton citri v1.0,Polci1_AssemblyScaffolds.fasta.gz
Polyplosphaeria fusca CBS 125425 v1.0,Polfu1_AssemblyScaffolds.fasta.gz
Polyporus arcularius v1.0,Polar1_AssemblyScaffolds.fasta.gz
Polyporus brumalis BRFM 1820 v1.0,Polbr1_AssemblyScaffolds.fasta.gz
Porodaedalea chrysoloma FP-135951 v1.0,Porchr1_AssemblyScaffolds.fasta.gz
Porodaedalea niemelaei PN71-100-IP13 v1.0,Pornie1_2_AssemblyScaffolds.fasta.gz
Postia placenta MAD-698-R-SB12 v1.0,PosplRSB12_1_AssemblyScaffolds.fasta.gz
Postia placenta MAD 698-R v1.0,Pospl1_AssemblyScaffolds.fasta.gz
Protomyces inouyei,Proin1_AssemblyScaffolds.fasta.gz
Protomyces lactucaedebilis 12-1054 v1.0,Prola1_AssemblyScaffolds.fasta.gz
Pseudocercospora (Mycosphaerella) fijiensis v2.0,Mycfi2_AssemblyScaffolds.fasta.gz
Pseudographis elatina,Pseel1_AssemblyScaffolds.fasta.gz
Pseudomassariella vexata CBS 129021 v1.0,Pseve2_AssemblyScaffolds.fasta.gz
Pseudovirgaria hyperparasitica CBS 121739 v1.0,Psehy1_AssemblyScaffolds.fasta.gz
Pseudozyma antarctica T-34,Psean1_1_AssemblyScaffolds.fasta.gz
Pseudozyma hubeiensis SY62,Psehu1_AssemblyScaffolds.fasta.gz
Pterula gracilis CBS309.79 v1.0,Ptegra1_AssemblyScaffolds.fasta.gz
Puccinia graminis f. sp. tritici v2.0,Pucgr2_AssemblyScaffolds.fasta.gz
Puccinia striiformis f. sp. tritici PST-78 v1.0,Pucst_PST78_1_AssemblyScaffolds.fasta.gz
Puccinia striiformis f. sp. tritici PST-130,Pucst1_AssemblyScaffolds.fasta.gz
Puccinia triticina 1-1 BBBD Race 1,Puctr1_AssemblyScaffolds.fasta.gz
Punctularia strigosozonata v1.0,Punst1_AssemblyScaffolds.fasta.gz
Purpureocillium sp. UdeA0106 v1.0,Pursp1_AssemblyScaffolds.fasta.gz
Pycnoporus cinnabarinus BRFM 137,Pycci1_AssemblyScaffolds.fasta.gz
Pycnoporus cinnabarinus CIRM-BRFM 50 v1.0,Pyccin1_AssemblyScaffolds.fasta.gz
Pycnoporus coccineus BRFM 310 v1.0,Pycco1_AssemblyScaffolds.fasta.gz
Pycnoporus coccineus CIRM1662,Pycco1662_1_AssemblyScaffolds.fasta.gz
Pycnoporus puniceus CIRM-BRFM 1868 v1.0,Pycpun1_AssemblyScaffolds.fasta.gz
Pycnoporus sanguineus BRFM 1264 v1.0,Pycsa1_AssemblyScaffolds.fasta.gz
Pyrenochaeta sp. DS3sAY3a v1.0,Pyrsp1_AssemblyScaffolds.fasta.gz
Pyrenophora teres f. teres,Pyrtt1_AssemblyScaffolds.fasta.gz
Pyrenophora tritici-repentis,Pyrtr1_AssemblyScaffolds.fasta.gz
Pyronema confluens CBS100304,Pyrco1_AssemblyScaffolds.fasta.gz
Radiomyces spectabilis NRRL 2753 v1.0,Radspe1_AssemblyScaffolds.fasta.gz
Ramaria rubella (R. acris) UT-36052-T v1.0,Ramac1_AssemblyScaffolds.fasta.gz
Ramicandelaber brevisporus CBS 109374 v1.0,Rambr1_AssemblyScaffolds.fasta.gz
Rhizoclosmatium globosum JEL800 v1.0,Rhihy1_AssemblyScaffolds.fasta.gz
Rhizoctonia solani AG-1 IB,Rhiso1_AssemblyScaffolds.fasta.gz
Rhizodiscina lignyota CBS 133067 v1.0,Rhili1_AssemblyScaffolds.fasta.gz
Rhizophagus irregularis DAOM 181602 v1.0,Gloin1_AssemblyScaffolds.fasta.gz
Rhizopogon salebrosus TDB-379 v1.0,Rhisa1_AssemblyScaffolds.fasta.gz
Rhizopogon vesiculosus Smith,Rhives1_AssemblyScaffolds.fasta.gz
Rhizopogon vinicolor AM-OR11-026 v1.0,Rhivi1_AssemblyScaffolds.fasta.gz
Rhizopus microsporus ATCC11559 v1.0,Rhimi_ATCC11559_1_AssemblyScaffolds.fasta.gz
Rhizopus microsporus var. chinensis CCTCC M201021,Rhich1_AssemblyScaffolds.fasta.gz
Rhizopus microsporus var. microsporus ATCC52813 v1.0,Rhimi1_1_AssemblyScaffolds.fasta.gz
Rhizopus microsporus var. microsporus ATCC52814 v1.0,Rhimi_ATCC52814_1_AssemblyScaffolds.fasta.gz
Rhizopus oryzae 99-880 from Broad,Rhior3_AssemblyScaffolds.fasta.gz
Rhizoscyphus ericae UAMH 7357 v1.0,Rhier1_AssemblyScaffolds.fasta.gz
Rhodocollybia butyracea AH 40177 v1.0,Rhobut1_1_AssemblyScaffolds.fasta.gz
Rhodosporidium toruloides ATCC26217 v1.0,Rhoto_ATCC26217_1_AssemblyScaffolds.fasta.gz
Rhodosporidium toruloides IFO0880 v2.0,Rhoto_IFO0880_2_AssemblyScaffolds.fasta.gz
Rhodosporidium toruloides IFO0880 v3.0,Rhoto_IFO0880_3_AssemblyScaffolds.fasta.gz
Rhodosporidium toruloides IFO0559_1,Rhoto_IFO0559_1_AssemblyScaffolds.fasta.gz
Rhodosporidium toruloides IFO1236_1,Rhoto_IFO1236_1_AssemblyScaffolds.fasta.gz
Rhodosporidium toruloides NP11,Rhoto1_AssemblyScaffolds.fasta.gz
Rhodotorula glutinis v1.0,Rhoglu1_AssemblyScaffolds.fasta.gz
Rhodotorula graminis strain WP1 v1.1,Rhoba1_1_AssemblyScaffolds.fasta.gz
Rhodotorula minuta MCA 4210 v1.0,Rhomi1_AssemblyScaffolds.fasta.gz
Rhodotorula mucilaginosa ATCC58901 v1.0,Rhomuc1_AssemblyScaffolds.fasta.gz
Rhodotorula sp. J31 v1.0,RhodotJ31_1_AssemblyScaffolds.fasta.gz
Rhodotorula sp. JG-1b,Rhosp1_AssemblyScaffolds.fasta.gz
Rhytidhysteron rufulum,Rhyru1_1_AssemblyScaffolds.fasta.gz
Rickenella fibula HBK330-10 v1.0,Ricfib1_AssemblyScaffolds.fasta.gz
Rickenella mellea v1.0 (SZMC22713),Ricmel1_AssemblyScaffolds.fasta.gz
Rozella allomycis CSF55,Rozal1_1_AssemblyScaffolds.fasta.gz
Russula brevipes BPL707 v1.0,Rusbre1_AssemblyScaffolds.fasta.gz
Russula compacta BPL669 v1.0,Ruscom1_AssemblyScaffolds.fasta.gz
Russula dissimulans BPL704 v1.0,Rusdis1_AssemblyScaffolds.fasta.gz
Russula rugulosa BPL654 v1.0,Rusrug1_AssemblyScaffolds.fasta.gz
Rutstroemia firma CBS 115.86 v1.0,Rutfi1_AssemblyScaffolds.fasta.gz
Saccharata proteae CBS 121410 v1.0,Sacpr1_AssemblyScaffolds.fasta.gz
Saccharomyces cerevisiae M3707 Dikaryon,SacceM3707_1_AssemblyScaffolds.fasta.gz
Saccharomyces cerevisiae M3836 v1.0,SacceM3836_1_AssemblyScaffolds.fasta.gz
Saccharomyces cerevisiae M3837 v1.0,SacceM3837_1_AssemblyScaffolds.fasta.gz
Saccharomyces cerevisiae M3838 v1.0,SacceM3838_1_AssemblyScaffolds.fasta.gz
Saccharomyces cerevisiae M3839 v1.0,SacceM3839_1_AssemblyScaffolds.fasta.gz
Saccharomyces cerevisiae S288C,Sacce1_AssemblyScaffolds.fasta.gz
Saccharomyces cerevisiae YB210 v1.0,SacceYB210_1_AssemblyScaffolds.fasta.gz
Saitoella complicata NRRL Y-17804 v1.0,Saico1_AssemblyScaffolds.fasta.gz
Sarcoscypha coccinea ATCC 58028 v1.0,Sarco1_AssemblyScaffolds.fasta.gz
Schizophyllum commune H4-8 v3.0,Schco3_AssemblyScaffolds.fasta.gz
Schizophyllum commune Loenen D v1.0,Schco_LoeD_1_AssemblyScaffolds.fasta.gz
Schizophyllum commune Tattone D v1.0,Schco_TatD_1_AssemblyScaffolds.fasta.gz
Schizopora paradoxa KUC8140 v1.0,Schpa1_AssemblyScaffolds.fasta.gz
Schizosaccharomyces cryophilus OY26,Schcy1_AssemblyScaffolds.fasta.gz
Schizosaccharomyces japonicus yFS275,Schja1_AssemblyScaffolds.fasta.gz
Schizosaccharomyces octosporus yFS286,Schoc1_AssemblyScaffolds.fasta.gz
Schizosaccharomyces pombe,Schpo1_AssemblyScaffolds.fasta.gz
Scleroderma citrinum Foug A v1.0,Sclci1_AssemblyScaffolds.fasta.gz
Sclerogaster hysterangioides SCL2.BST v1.0,Sclhys1_1_AssemblyScaffolds.fasta.gz
Sclerotinia sclerotiorum v1.0,Sclsc1_AssemblyScaffolds.fasta.gz
Scytinostroma sp. KUC9335 v1.0,Scysp1_1_AssemblyScaffolds.fasta.gz
Sebacina vermifera MAFF 305830 v1.0,Sebve1_AssemblyScaffolds.fasta.gz
Sebacina vermifera ssp. bescii v1.0,Sebvebe1_AssemblyScaffolds.fasta.gz
Septobasidium sp. PNB30-8B v1.0,Sepsp1_AssemblyScaffolds.fasta.gz
Septoria musiva SO2202 v1.0,Sepmu1_AssemblyScaffolds.fasta.gz
Septoria populicola v1.0,Seppo1_AssemblyScaffolds.fasta.gz
Serpula lacrymans S7.3 v2.0,SerlaS7_3_2_AssemblyScaffolds.fasta.gz
Serpula lacrymans S7.9 v2.0,SerlaS7_9_2_AssemblyScaffolds.fasta.gz
Serpula lacrymans var shastensis SHA21-2 v1.0,Serla_varsha1_AssemblyScaffolds.fasta.gz
Setomelanomma holmii CBS 110217 v1.0,Setho1_AssemblyScaffolds.fasta.gz
Setosphaeria turcica Et28A v1.0,Settu1_AssemblyScaffolds.fasta.gz
Setosphaeria turcica NY001 v1.0,Settur1_AssemblyScaffolds.fasta.gz
Sirobasidium intermedium CBS7805 v1.0,Sirint1_AssemblyScaffolds.fasta.gz
Sistotremastrum niveocremeum HHB9708 ss-1 1.0,Sisni1_AssemblyScaffolds.fasta.gz
Sistotremastrum suecicum v1.0,Sissu1_AssemblyScaffolds.fasta.gz
Sodiomyces alkalinus v1.0,Sodal1_AssemblyScaffolds.fasta.gz
Sparassis latifolia CCMJ1100 v1.0,Spalat1_AssemblyScaffolds.fasta.gz
Spathaspora passalidarum NRRL Y-27907 v2.0,Spapa3_AssemblyScaffolds.fasta.gz
Spathularia flavida,Spafl1_AssemblyScaffolds.fasta.gz
Sphaerobolus stellatus v1.0,Sphst1_AssemblyScaffolds.fasta.gz
Spinellus fusiger NRRL 22323 v1.0,Spifus1_AssemblyScaffolds.fasta.gz
Spizellomyces punctatus DAOM BR117,Spipu1_AssemblyScaffolds.fasta.gz
Sporidiobolus pararoseus Phaff 68-350 v1.0,Spopa1_AssemblyScaffolds.fasta.gz
Sporisorium reilianum SRZ2,Spore1_AssemblyScaffolds.fasta.gz
Sporobolomyces linderae CBS 7893 v1.0,Spoli1_AssemblyScaffolds.fasta.gz
Sporobolomyces roseus v1.0,Sporo1_AssemblyScaffolds.fasta.gz
Sporopachydermia lactativora Phaff 68-199 v1.0,Spola1_AssemblyScaffolds.fasta.gz
Sporormia fimetaria v1.0,Spofi1_AssemblyScaffolds.fasta.gz
Stagonospora nodorum SN15 v2.0,Stano2_AssemblyScaffolds.fasta.gz
Stagonospora sp. SRC1lsM3a v1.0,Stasp1_AssemblyScaffolds.fasta.gz
Stanjemonium grisellum CBS 655.79 v1.0,Stagr1_AssemblyScaffolds.fasta.gz
Stereum hirsutum FP-91666 SS1 v1.0,Stehi1_AssemblyScaffolds.fasta.gz
Sugiyamaella americana NRRL YB-2067 v1.0,Sugame1_AssemblyScaffolds.fasta.gz
Suillus americanus EM31 v1.0,Suiame1_AssemblyScaffolds.fasta.gz
Suillus brevipes Sb2 v2.0,Suibr2_AssemblyScaffolds.fasta.gz
Suillus decipiens EM49 v1.0,Suidec1_AssemblyScaffolds.fasta.gz
Suillus granulatus EM37 v1.0,Suigr1_AssemblyScaffolds.fasta.gz
Suillus hirtellus EM16 v1.0,Suihi1_AssemblyScaffolds.fasta.gz
Suillus luteus UH-Slu-Lm8-n1 v2.0,Suilu3_AssemblyScaffolds.fasta.gz
Suillus pictus EM44 v1.0,Suipic1_AssemblyScaffolds.fasta.gz
Symbiochloris reticulata Spain v1.0,Dicre1_AssemblyScaffolds.fasta.gz
Symbiotaphrina kochii v1.0,Symko1_AssemblyScaffolds.fasta.gz
Sympodiomyces attinorum NRRL Y-27639 v1.0,Symat1_AssemblyScaffolds.fasta.gz
Syncephalastrum racemosum NRRL 2496 v1.0,Synrac1_AssemblyScaffolds.fasta.gz
Syncephalis fuscata S228 v1.0,Synfus1_AssemblyScaffolds.fasta.gz
Syncephalis plumigaleata NRRL S24 v1.0,Synplu1_AssemblyScaffolds.fasta.gz
Talaromyces aculeatus ATCC 10409 v1.0,Penac1_AssemblyScaffolds.fasta.gz
Talaromyces marneffei ATCC 18224,Talma1_2_AssemblyScaffolds.fasta.gz
Talaromyces proteolyticus PMI_201 v1.0,Talpro1_AssemblyScaffolds.fasta.gz
Talaromyces stipitatus ATCC 10500,Talst1_2_AssemblyScaffolds.fasta.gz
Taphrina deformans,Tapde1_1_AssemblyScaffolds.fasta.gz
Teratosphaeria nubilosa CBS 116005 v1.0,Ternu1_AssemblyScaffolds.fasta.gz
Terfezia boudieri ATCC MYA-4762 v1.1,Terbo2_AssemblyScaffolds.fasta.gz
Terfezia claveryi T7 v1.0,Tercla1_AssemblyScaffolds.fasta.gz
Testicularia cyperi MCA 3645 v1.0,Tescy1_AssemblyScaffolds.fasta.gz
Thamnidium elegans v1.0,Thaele1_AssemblyScaffolds.fasta.gz
Thelebolus microsporus ATCC 90970 v1.0,Themi1_AssemblyScaffolds.fasta.gz
Thelebolus stercoreus,Thest1_AssemblyScaffolds.fasta.gz
Thelephora ganbajun P2 v1.0,Thega1_AssemblyScaffolds.fasta.gz
Thermoascus aurantiacus v1.0,Theau1_AssemblyScaffolds.fasta.gz
Thielavia antarctica CBS 123565 v1.0,Thian1_AssemblyScaffolds.fasta.gz
Thielavia appendiculata CBS 731.68 v1.0,Thiap1_AssemblyScaffolds.fasta.gz
Thielavia arenaria CBS 508.74 v1.0,Thiar1_AssemblyScaffolds.fasta.gz
Thielavia hyrcaniae CBS 757.83 v1.0,Thihy1_AssemblyScaffolds.fasta.gz
Thielavia terrestris v2.0,Thite2_AssemblyScaffolds.fasta.gz
Thozetella sp. PMI_491 v2.0,ThoPMI491_1_AssemblyScaffolds.fasta.gz
Tilletiaria anomala UBC 951 v1.0,Tilan2_AssemblyScaffolds.fasta.gz
Tilletiopsis albescens v1.0,Tilalb1_AssemblyScaffolds.fasta.gz
Tilletiopsis washingtonensis MCA 4186 v1.0,Tilwa1_AssemblyScaffolds.fasta.gz
Torpedospora radiata JK5252C v1.0,Torra1_AssemblyScaffolds.fasta.gz
Tortispora caseinolytica Y-17796 v1.0,Canca1_AssemblyScaffolds.fasta.gz
Torulaspora delbrueckii CBS 1146,Torde1_AssemblyScaffolds.fasta.gz
Tothia fuscella CBS 130266 v1.0,Totfu1_AssemblyScaffolds.fasta.gz
Trametes cingulata BRFM 1805 v1.0,Traci1_AssemblyScaffolds.fasta.gz
Trametes gibbosa CIRM-BRFM 1770 v1.0,Tragib1_AssemblyScaffolds.fasta.gz
Trametes ljubarskyi CIRM1659 v1.0,Tralj1_AssemblyScaffolds.fasta.gz
Trametes pubescens FBCC735,Trapub1_AssemblyScaffolds.fasta.gz
Trametes versicolor v1.0,Trave1_AssemblyScaffolds.fasta.gz
Trametopsis cervina CIRM-BRFM 1824 v1.0,Trace1_AssemblyScaffolds.fasta.gz
Trematosphaeria pertusa CBS 122368 v1.0,Trepe1_AssemblyScaffolds.fasta.gz
Tremella encephala 68-887.2 v1.0,Treen1_AssemblyScaffolds.fasta.gz
Tremella mesenterica Fries v1.0,Treme1_AssemblyScaffolds.fasta.gz
Trichaptum abietinum v1.0,Triab1_1_AssemblyScaffolds.fasta.gz
Trichodelitschia bisporula CBS 262.69 v1.0,Tribi1_AssemblyScaffolds.fasta.gz
Trichoderma asperellum CBS 433.97 v1.0,Trias1_AssemblyScaffolds.fasta.gz
Trichoderma asperellum TR356 v1.0,Triasp1_AssemblyScaffolds.fasta.gz
Trichoderma atroviride v2.0,Triat2_AssemblyScaffolds.fasta.gz
Trichoderma citrinoviride TUCIM 6016 v4.0,Trici4_AssemblyScaffolds.fasta.gz
Trichoderma harzianum CBS 226.95 v1.0,Triha1_AssemblyScaffolds.fasta.gz
Trichoderma harzianum TR274 v1.0,Trihar1_AssemblyScaffolds.fasta.gz
Trichoderma longibrachiatum ATCC 18648 v3.0,Trilo3_AssemblyScaffolds.fasta.gz
Trichoderma reesei RUT C-30 v1.0,TrireRUTC30_1_AssemblyScaffolds.fasta.gz
Trichoderma reesei v2.0,Trire2_AssemblyScaffolds.fasta.gz
Trichoderma virens Gv29-8 v2.0,TriviGv29_8_2_AssemblyScaffolds.fasta.gz
Tricholoma matsutake 945 v3.0,Trima3_AssemblyScaffolds.fasta.gz
Trichomonascus petasosporus NRRL YB-2093 v1.0,Tripe1_AssemblyScaffolds.fasta.gz
Trichophaea hybrida UTF0779 v1.0,Trihyb1_AssemblyScaffolds.fasta.gz
Trichophyton rubrum CBS 118892,Triru1_AssemblyScaffolds.fasta.gz
Trichophyton verrucosum HKI 0517,Triver1_AssemblyScaffolds.fasta.gz
Trichosporon chiarellii MYA-4694 v1.0,Trich1_AssemblyScaffolds.fasta.gz
Trichosporon guehoae v1.0,Trigue1_AssemblyScaffolds.fasta.gz
Trichosporon oleaginosus IBC0246 v1.0,Triol1_AssemblyScaffolds.fasta.gz
Trinosporium guianense CBS132537 v1.0,Trigu1_AssemblyScaffolds.fasta.gz
Tritirachium sp. CBS 265.96 v1.0,Trisp1_AssemblyScaffolds.fasta.gz
Trypethelium eluteriae v1.0,Tryvi1_AssemblyScaffolds.fasta.gz
Tuber borchii Tbo3840 v1.0,Tubbor1_AssemblyScaffolds.fasta.gz
Tuber melanosporum Mel28 v1.0,Tubme1_AssemblyScaffolds.fasta.gz
Tulasnella calospora AL13/4D v1.0,Tulca1_AssemblyScaffolds.fasta.gz
Umbelopsis ramanniana AG # v1.0,Umbra1_AssemblyScaffolds.fasta.gz
Umbelopsis sp. nov. AD052 v1.0,Umbsp_AD052_1_AssemblyScaffolds.fasta.gz
Uncinocarpus reesii 1704,Uncre1_AssemblyScaffolds.fasta.gz
Unknown ciliate v1.0,Unknown_ciliate1_AssemblyScaffolds.fasta.gz
Usnea florida ATCC18376 v1.0,Usnflo1_AssemblyScaffolds.fasta.gz
Ustilago hordei Uh4857_4,Usthor1_AssemblyScaffolds.fasta.gz
Ustilago maydis,Ustma1_AssemblyScaffolds.fasta.gz
Valetoniellopsis laxa CBS 191.97 v1.0,Valla1_AssemblyScaffolds.fasta.gz
Vararia minispora EC-137 v1.0,Varmin1_AssemblyScaffolds.fasta.gz
Venturia inaequalis,Venin1_AssemblyScaffolds.fasta.gz
Venturia pirina,Venpi1_AssemblyScaffolds.fasta.gz
Verruconis gallopava,Verga1_AssemblyScaffolds.fasta.gz
Verruculina enalia CBS 304.66 v1.0,Veren1_AssemblyScaffolds.fasta.gz
Verticillium alfalfae VaMs.102,Veral1_AssemblyScaffolds.fasta.gz
Verticillium dahliae v1.0,Verda1_AssemblyScaffolds.fasta.gz
Violaceomyces palustris SA 807 v1.0,Ustsp1_AssemblyScaffolds.fasta.gz
Volvariella volvacea V23,Volvo1_AssemblyScaffolds.fasta.gz
Vuilleminia comedens VcCUCC2015_SSI6 v1.0,Vuicom1_AssemblyScaffolds.fasta.gz
Wallemia ichthyophaga EXF-994,Walic1_AssemblyScaffolds.fasta.gz
Wallemia sebi v1.0,Walse1_AssemblyScaffolds.fasta.gz
Westerdykella ornata CBS 379.55 v1.0,Wesor1_AssemblyScaffolds.fasta.gz
Wickerhamiella domercqiae NRRL Y-6692 v1.0,Wicdo1_AssemblyScaffolds.fasta.gz
Wickerhamomyces anomalus NRRL Y-366-8 v1.0,Wican1_AssemblyScaffolds.fasta.gz
Wilcoxina mikolae CBS 423.85 v1.0,Wilmi1_AssemblyScaffolds.fasta.gz
Wolfiporia cocos MD-104 SS10 v1.0,Wolco1_AssemblyScaffolds.fasta.gz
Xanthoria parietina 46-1-SA22 v1.1,Xanpa2_AssemblyScaffolds.fasta.gz
Xenasmatella vaga CBS212.54 v1.0,Xenvag1_AssemblyScaffolds.fasta.gz
Xerocomus badius 84.06 v1.0,Xerba1_AssemblyScaffolds.fasta.gz
Xylaria hypoxylon OSC100004 v1.0,Xylhyp1_AssemblyScaffolds.fasta.gz
Xylariales sp. PMI_506 v1.0,XylPMI506_AssemblyScaffolds.fasta.gz
Xylona heveae TC161 v1.0,Xylhe1_AssemblyScaffolds.fasta.gz
Yarrowia lipolytica FKP355 v1.0,Yarlip1_AssemblyScaffolds.fasta.gz
Yarrowia lipolytica (strain CLIB122),Yarli1_AssemblyScaffolds.fasta.gz
Zasmidium cellare ATCC 36951 v1.0,Zasce1_AssemblyScaffolds.fasta.gz
Zopfia rhizophila v1.0,Zoprh1_AssemblyScaffolds.fasta.gz
Zychaea mexicana RSA 1403 v1.0,Zycmex1_AssemblyScaffolds.fasta.gz
Zygoascus hellenicus Y-7136 v1.0,Zyghe1_2_AssemblyScaffolds.fasta.gz
Zygosaccharomyces rouxii CBS732,Zygro1_AssemblyScaffolds.fasta.gz
Zymoseptoria ardabiliae STIR04_1.1.1,Zymar1_AssemblyScaffolds.fasta.gz
Zymoseptoria pseudotritici STIR04_2.2.1,Zymps1_AssemblyScaffolds.fasta.gz